product_id,category,image_path,anchor
RR-501,Essential,../wp-content/uploads/2024/RRimage/sofa/essentials/(1).jpg,#prod1
RR-502,Essential,../wp-content/uploads/2024/RRimage/sofa/essentials/(2).jpg,#prod2
RR-503,Essential,../wp-content/uploads/2024/RRimage/sofa/essentials/(3).jpg,#prod3
RR-504,Essential,../wp-content/uploads/2024/RRimage/sofa/essentials/(4).jpg,#prod4
RR-505,Essential,../wp-content/uploads/2024/RRimage/sofa/essentials/(5).jpg,#prod5
RR-506,Essential,../wp-content/uploads/2024/RRimage/sofa/essentials/(6).jpg,#prod6
RR-507,Essential,../wp-content/uploads/2024/RRimage/sofa/essentials/(7).jpg,#prod7
RR-508,Essential,../wp-content/uploads/2024/RRimage/sofa/essentials/(8).jpg,#prod8
RR-509,Essential,../wp-content/uploads/2024/RRimage/sofa/essentials/(9).jpg,#prod9
RR-510,Essential,../wp-content/uploads/2024/RRimage/sofa/essentials/(10).jpg,#prod10
RR-511,Essential,../wp-content/uploads/2024/RRimage/sofa/essentials/(11).jpg,#prod11
RR-512,Essential,../wp-content/uploads/2024/RRimage/sofa/essentials/(12).jpg,#prod12
RR-513,Essential,../wp-content/uploads/2024/RRimage/sofa/essentials/(13).jpg,#prod13
RR-514,Essential,../wp-content/uploads/2024/RRimage/sofa/essentials/(14).jpg,#prod14
RR-515,Essential,../wp-content/uploads/2024/RRimage/sofa/essentials/(15).jpg,#prod15
RR-516,Essential,../wp-content/uploads/2024/RRimage/sofa/essentials/(16).jpg,#prod16
RR-517,Essential,../wp-content/uploads/2024/RRimage/sofa/essentials/(17).jpg,#prod17
RR-518,Essential,../wp-content/uploads/2024/RRimage/sofa/essentials/(18).jpg,#prod18
RR-519,Essential,../wp-content/uploads/2024/RRimage/sofa/essentials/(19).jpg,#prod19
RR-520,Essential,../wp-content/uploads/2024/RRimage/sofa/essentials/(20).jpg,#prod20
RR-521,Essential,../wp-content/uploads/2024/RRimage/sofa/essentials/(21).jpg,#prod21
RR-522,Essential,../wp-content/uploads/2024/RRimage/sofa/essentials/(22).jpg,#prod22
RR-523,Essential,../wp-content/uploads/2024/RRimage/sofa/essentials/(23).jpg,#prod23
RR-524,Essential,../wp-content/uploads/2024/RRimage/sofa/essentials/(24).jpg,#prod24
RR-525,Essential,../wp-content/uploads/2024/RRimage/sofa/essentials/(25).jpg,#prod25
RR-526,Essential,../wp-content/uploads/2024/RRimage/sofa/essentials/(26).jpg,#prod26
RR-527,Essential,../wp-content/uploads/2024/RRimage/sofa/essentials/(27).jpg,#prod27
RR-528,Essential,../wp-content/uploads/2024/RRimage/sofa/essentials/(1).png,#prod28
RR-529,Essential,../wp-content/uploads/2024/RRimage/sofa/essentials/(2).png,#prod29
RR-530,Essential,../wp-content/uploads/2024/RRimage/sofa/essentials/(3).png,#prod30
RR-531,Essential,../wp-content/uploads/2024/RRimage/sofa/essentials/(4).png,#prod31
RR-532,Essential,../wp-content/uploads/2024/RRimage/sofa/essentials/(5).png,#prod32
RR-533,Essential,../wp-content/uploads/2024/RRimage/sofa/essentials/(6).png,#prod33
RR-534,Essential,../wp-content/uploads/2024/RRimage/sofa/essentials/(7).png,#prod34
RR-535,Essential,../wp-content/uploads/2024/RRimage/sofa/essentials/(8).png,#prod35
RR-536,Essential,../wp-content/uploads/2024/RRimage/sofa/essentials/(9).png,#prod36
RR-537,Essential,../wp-content/uploads/2024/RRimage/sofa/essentials/(10).png,#prod37
RR-538,Essential,../wp-content/uploads/2024/RRimage/sofa/essentials/(11).png,#prod38
RR-539,Essential,../wp-content/uploads/2024/RRimage/sofa/essentials/(12).png,#prod39
RR-540,Essential,../wp-content/uploads/2024/RRimage/sofa/essentials/(13).png,#prod40
RR-541,Essential,../wp-content/uploads/2024/RRimage/sofa/essentials/(14).png,#prod41
RR-542,Essential,../wp-content/uploads/2024/RRimage/sofa/essentials/(15).png,#prod42
RR-543,Essential,../wp-content/uploads/2024/RRimage/sofa/essentials/(16).png,#prod43
RR-544,Essential,../wp-content/uploads/2024/RRimage/sofa/essentials/(17).png,#prod44
RR-545,Essential,../wp-content/uploads/2024/RRimage/sofa/essentials/(18).png,#prod45
RR-546,Essential,../wp-content/uploads/2024/RRimage/sofa/essentials/(19).png,#prod46
RR-547,Essential,../wp-content/uploads/2024/RRimage/sofa/essentials/(20).png,#prod47
RR-548,Essential,../wp-content/uploads/2024/RRimage/sofa/essentials/(21).png,#prod48
RR-549,Essential,../wp-content/uploads/2024/RRimage/sofa/essentials/(22).png,#prod49
RR-550,Essential,../wp-content/uploads/2024/RRimage/sofa/essentials/(23).png,#prod50
RR-551,Prime,../wp-content/uploads/2024/RRimage/sofa/prime/%20(1).jpg,#prod551
RR-552,Prime,../wp-content/uploads/2024/RRimage/sofa/prime/%20(2).jpg,#prod552
RR-553,Prime,../wp-content/uploads/2024/RRimage/sofa/prime/%20(3).jpg,#prod553
RR-554,Prime,../wp-content/uploads/2024/RRimage/sofa/prime/%20(4).jpg,#prod554
RR-555,Prime,../wp-content/uploads/2024/RRimage/sofa/prime/%20(5).jpg,#prod555
RR-556,Prime,../wp-content/uploads/2024/RRimage/sofa/prime/%20(6).png,#prod556
RR-557,Prime,../wp-content/uploads/2024/RRimage/sofa/prime/%20(7).jpg,#prod557
RR-558,Prime,../wp-content/uploads/2024/RRimage/sofa/prime/%20(8).jpg,#prod558
RR-559,Prime,../wp-content/uploads/2024/RRimage/sofa/prime/%20(9).jpg,#prod559
RR-560,Prime,../wp-content/uploads/2024/RRimage/sofa/prime/%20(10).jpg,#prod560
RR-561,Prime,../wp-content/uploads/2024/RRimage/sofa/prime/%20(11).jpg,#prod561
RR-562,Prime,../wp-content/uploads/2024/RRimage/sofa/prime/%20(12).jpg,#prod562
RR-563,Prime,../wp-content/uploads/2024/RRimage/sofa/prime/%20(13).jpg,#prod563
RR-564,Prime,../wp-content/uploads/2024/RRimage/sofa/prime/%20(14).jpg,#prod564
RR-565,Prime,../wp-content/uploads/2024/RRimage/sofa/prime/%20(15).jpg,#prod565
RR-566,Prime,../wp-content/uploads/2024/RRimage/sofa/prime/%20(16).jpg,#prod566
RR-567,Prime,../wp-content/uploads/2024/RRimage/sofa/prime/%20(17).jpg,#prod567
RR-568,Prime,../wp-content/uploads/2024/RRimage/sofa/prime/%20(18).jpg,#prod568
RR-569,Prime,../wp-content/uploads/2024/RRimage/sofa/prime/%20(19).jpg,#prod569
RR-570,Prime,../wp-content/uploads/2024/RRimage/sofa/prime/%20(20).jpg,#prod570
RR-571,Prime,../wp-content/uploads/2024/RRimage/sofa/prime/%20(21).jpg,#prod571
RR-572,Prime,../wp-content/uploads/2024/RRimage/sofa/prime/%20(22).jpg,#prod572
RR-573,Prime,../wp-content/uploads/2024/RRimage/sofa/prime/%20(23).jpg,#prod573
RR-574,Prime,../wp-content/uploads/2024/RRimage/sofa/prime/%20(24).jpg,#prod574
RR-575,Prime,../wp-content/uploads/2024/RRimage/sofa/prime/%20(25).jpg,#prod575
RR-576,Prime,../wp-content/uploads/2024/RRimage/sofa/prime/%20(26).jpg,#prod576
RR-577,Prime,../wp-content/uploads/2024/RRimage/sofa/prime/%20(27).jpg,#prod577
RR-578,Prime,../wp-content/uploads/2024/RRimage/sofa/prime/%20(28).jpg,#prod578
RR-579,Prime,../wp-content/uploads/2024/RRimage/sofa/prime/%20(29).jpg,#prod579
RR-580,Prime,../wp-content/uploads/2024/RRimage/sofa/prime/%20(30).jpg,#prod580
RR-581,Prime,../wp-content/uploads/2024/RRimage/sofa/prime/%20(31).jpg,#prod581
RR-582,Prime,../wp-content/uploads/2024/RRimage/sofa/prime/%20(32).jpg,#prod582
RR-583,Prime,../wp-content/uploads/2024/RRimage/sofa/prime/%20(33).jpg,#prod583
RR-584,Prime,../wp-content/uploads/2024/RRimage/sofa/prime/%20(34).jpg,#prod584
RR-585,Prime,../wp-content/uploads/2024/RRimage/sofa/prime/%20(35).jpg,#prod585
RR-586,Prime,../wp-content/uploads/2024/RRimage/sofa/prime/%20(36).jpg,#prod586
RR-587,Prime,../wp-content/uploads/2024/RRimage/sofa/prime/%20(37).jpg,#prod587
RR-588,Prime,../wp-content/uploads/2024/RRimage/sofa/prime/%20(39).jpg,#prod588
RR-589,Prime,../wp-content/uploads/2024/RRimage/sofa/prime/%20(40).jpg,#prod589
RR-590,Prime,../wp-content/uploads/2024/RRimage/sofa/prime/%20(41).jpg,#prod590
RR-591,Prime,../wp-content/uploads/2024/RRimage/sofa/prime/%20(42).jpg,#prod591
RR-592,Prime,../wp-content/uploads/2024/RRimage/sofa/prime/%20(43).jpg,#prod592
RR-593,Prime,../wp-content/uploads/2024/RRimage/sofa/prime/%20(44).jpg,#prod593
RR-594,Prime,../wp-content/uploads/2024/RRimage/sofa/prime/(45).jpg,#prod594
RR-595,Prime,../wp-content/uploads/2024/RRimage/sofa/prime/%20(46).jpg,#prod595
RR-596,Prime,../wp-content/uploads/2024/RRimage/sofa/prime/%20(46).jpg,#prod596
RR-597,Prime,../wp-content/uploads/2024/RRimage/sofa/prime/(47).png,#prod597
RR-598,Prime,../wp-content/uploads/2024/RRimage/sofa/prime/(48).jpg,#prod598
RR-599,Prime,../wp-content/uploads/2024/RRimage/sofa/prime/(49).png,#prod599
RR-600,Prime,../wp-content/uploads/2024/RRimage/sofa/prime/(50).png,#prod600
RR-601,Deluxe,../wp-content/uploads/2024/RRimage/sofa/delux/1.jpg,#prod601
RR-602,Deluxe,../wp-content/uploads/2024/RRimage/sofa/delux/2.jpg,#prod602
RR-603,Deluxe,../wp-content/uploads/2024/RRimage/sofa/delux/3.jpg,#prod603
RR-604,Deluxe,../wp-content/uploads/2024/RRimage/sofa/delux/4.jpg,#prod604
RR-605,Deluxe,../wp-content/uploads/2024/RRimage/sofa/delux/5.jpg,#prod605
RR-606,Deluxe,../wp-content/uploads/2024/RRimage/sofa/delux/6.jpg,#prod606
RR-607,Deluxe,../wp-content/uploads/2024/RRimage/sofa/delux/7.jpg,#prod607
RR-608,Deluxe,../wp-content/uploads/2024/RRimage/sofa/delux/8.jpg,#prod608
RR-609,Deluxe,../wp-content/uploads/2024/RRimage/sofa/delux/9.jpg,#prod609
RR-610,Deluxe,../wp-content/uploads/2024/RRimage/sofa/delux/10.jpg,#prod610
RR-611,Deluxe,../wp-content/uploads/2024/RRimage/sofa/delux/11.jpg,#prod611
RR-612,Deluxe,../wp-content/uploads/2024/RRimage/sofa/delux/12.jpg,#prod612
RR-613,Deluxe,../wp-content/uploads/2024/RRimage/sofa/delux/13.jpg,#prod613
RR-614,Deluxe,../wp-content/uploads/2024/RRimage/sofa/delux/14.jpg,#prod614
RR-615,Deluxe,../wp-content/uploads/2024/RRimage/sofa/delux/15.jpg,#prod615
RR-616,Deluxe,../wp-content/uploads/2024/RRimage/sofa/delux/16.jpg,#prod616
RR-617,Deluxe,../wp-content/uploads/2024/RRimage/sofa/delux/17.jpg,#prod617
RR-618,Deluxe,../wp-content/uploads/2024/RRimage/sofa/delux/18.jpg,#prod618
RR-619,Deluxe,../wp-content/uploads/2024/RRimage/sofa/delux/19.jpg,#prod619
RR-620,Deluxe,../wp-content/uploads/2024/RRimage/sofa/delux/20.jpg,#prod620
RR-621,Deluxe,../wp-content/uploads/2024/RRimage/sofa/delux/21.jpg,#prod621
RR-622,Deluxe,../wp-content/uploads/2024/RRimage/sofa/delux/22.jpg,#prod622
RR-623,Deluxe,../wp-content/uploads/2024/RRimage/sofa/delux/23.jpg,#prod623
RR-624,Deluxe,../wp-content/uploads/2024/RRimage/sofa/delux/24.jpg,#prod624
RR-625,Deluxe,../wp-content/uploads/2024/RRimage/sofa/delux/25.jpg,#prod625
RR-626,Deluxe,../wp-content/uploads/2024/RRimage/sofa/delux/26.jpg,#prod626
RR-627,Deluxe,../wp-content/uploads/2024/RRimage/sofa/delux/27.jpg,#prod627
RR-628,Deluxe,../wp-content/uploads/2024/RRimage/sofa/delux/28.jpg,#prod628
RR-629,Deluxe,../wp-content/uploads/2024/RRimage/sofa/delux/29.jpg,#prod629
RR-630,Deluxe,../wp-content/uploads/2024/RRimage/sofa/delux/30.jpg,#prod630
RR-631,Deluxe,../wp-content/uploads/2024/RRimage/sofa/delux/31.jpg,#prod631
RR-632,Deluxe,../wp-content/uploads/2024/RRimage/sofa/delux/32.jpg,#prod632
RR-633,Deluxe,../wp-content/uploads/2024/RRimage/sofa/delux/33.jpg,#prod633
RR-634,Deluxe,../wp-content/uploads/2024/RRimage/sofa/delux/34.png,#prod634
RR-635,Deluxe,../wp-content/uploads/2024/RRimage/sofa/delux/35.jpg,#prod635
RR-636,Deluxe,../wp-content/uploads/2024/RRimage/sofa/delux/36.jpg,#prod636
RR-637,Deluxe,../wp-content/uploads/2024/RRimage/sofa/delux/37.jpg,#prod637
RR-638,Deluxe,../wp-content/uploads/2024/RRimage/sofa/delux/38.jpg,#prod638
RR-639,Deluxe,../wp-content/uploads/2024/RRimage/sofa/delux/39.jpg,#prod639
RR-640,Deluxe,../wp-content/uploads/2024/RRimage/sofa/delux/40.jpg,#prod640
RR-641,Deluxe,../wp-content/uploads/2024/RRimage/sofa/delux/41.jpg,#prod641
RR-642,Deluxe,../wp-content/uploads/2024/RRimage/sofa/delux/42.jpg,#prod642
RR-643,Deluxe,../wp-content/uploads/2024/RRimage/sofa/delux/43.jpg,#prod643
RR-644,Deluxe,../wp-content/uploads/2024/RRimage/sofa/delux/44.png,#prod644
RR-645,Deluxe,../wp-content/uploads/2024/RRimage/sofa/delux/45.png,#prod645
RR-646,Deluxe,../wp-content/uploads/2024/RRimage/sofa/delux/46.png,#prod646
RR-647,Deluxe,../wp-content/uploads/2024/RRimage/sofa/delux/47.png,#prod647
RR-648,Deluxe,../wp-content/uploads/2024/RRimage/sofa/delux/48.png,#prod648
RR-649,Deluxe,../wp-content/uploads/2024/RRimage/sofa/delux/49.png,#prod649
RR-650,Deluxe,../wp-content/uploads/2024/RRimage/sofa/delux/50.png,#prod650
